Identifiant station;Nom de la Station;Nom de la ligne;Niveau de pollution aux particules;Niveau de pollution;Incertitude;Recommandation de surveillance;Action(s) QAI en cours;Durée des mesures;stop_lon;stop_lat;point_geo;pollution_air;niveau;niveau_pollution
IDFM:490917;Aéroport d'Orly;Métro 14;pas de données;pas de données;Évaluation : impossible faute d’informations;non;;;2.3621434233506027;48.72791074498099;48.72791074498099, 2.3621434233506027;pas de données;Pas de données;pas de données
IDFM:21994;Arts et Métiers;Métro 3;pollution faible;FAIBLE;Évaluation : modélisation reposant notamment sur la configuration de la station, le trafic et le matériel roulant;non;;;2.3567233472754983;48.86553459885931;48.86553459885931, 2.3567233472754983;pollution faible - incertitude forte;Pollution faible;pollution faible
IDFM:22124;Avron;Métro 2;pollution moyenne;MOYENNE;Évaluation : modélisation reposant notamment sur la configuration de la station, le trafic et le matériel roulant;non;Action(s) d'amélioration de la qualité de l'air en cours;;2.3981875566593973;48.85164854359716;48.85164854359716, 2.3981875566593973;pollution moyenne - incertitude forte;Pollution moyenne;pollution moyenne
IDFM:22130;Barbès - Rochechouart;Métro 4;pollution faible;FAIBLE;Évaluation : modélisation reposant notamment sur la configuration de la station, le trafic et le matériel roulant;non;;;2.349629927853002;48.88340206048623;48.883402060486226, 2.349629927853002;pollution faible - incertitude forte;Pollution faible;pollution faible
IDFM:463005;Bir-Hakeim;Métro 6;station aérienne;station aérienne;;non;;;2.2894007376346;48.85392536837598;48.85392536837598, 2.2894007376345997;station aérienne;Station aérienne;station aérienne
IDFM:463114;Boissière;Métro 6;pollution moyenne;MOYENNE;Évaluation : modélisation reposant notamment sur la configuration de la station, le trafic et le matériel roulant;non;;;2.2900328376074373;48.8668483434173;48.8668483434173, 2.2900328376074373;pollution moyenne - incertitude forte;Pollution moyenne;pollution moyenne
IDFM:463134;Botzaris;Métro 7B;pollution moyenne;MOYENNE;Évaluation : modélisation reposant notamment sur la configuration de la station, le trafic et le matériel roulant;non;;;2.388900951315739;48.879534991268365;48.879534991268365, 2.388900951315739;pollution moyenne - incertitude forte;Pollution moyenne;pollution moyenne
IDFM:22188;Boucicaut;Métro 8;pollution faible;FAIBLE;Évaluation : modélisation reposant notamment sur la configuration de la station, le trafic et le matériel roulant;non;;;2.2879184311245595;48.841024160993214;48.841024160993214, 2.2879184311245595;pollution faible - incertitude forte;Pollution faible;pollution faible
IDFM:463137;Boulogne Jean Jaurès;Métro 10;pollution moyenne;MOYENNE;Évaluation : modélisation reposant notamment sur la configuration de la station, le trafic et le matériel roulant;non;;;2.239077780728926;48.841991575324506;48.841991575324506, 2.239077780728926;pollution moyenne - incertitude forte;Pollution moyenne;pollution moyenne
IDFM:22033;Bourse;Métro 3;pollution moyenne;MOYENNE;Évaluation : modélisation reposant notamment sur la configuration de la station, le trafic et le matériel roulant;non;;;2.340678546975881;48.86879284393317;48.868792843933164, 2.3406785469758815;pollution moyenne - incertitude forte;Pollution moyenne;pollution moyenne
IDFM:22231;Brochant;Métro 13;pollution faible;FAIBLE;Évaluation : modélisation reposant notamment sur la configuration de la station, le trafic et le matériel roulant;non;;;2.3201902468999456;48.89062201554889;48.89062201554889, 2.3201902468999456;pollution faible - incertitude forte;Pollution faible;pollution faible
IDFM:463141;Cardinal Lemoine;Métro 10;pollution moyenne;MOYENNE;Évaluation : modélisation reposant notamment sur la configuration de la station, le trafic et le matériel roulant;non;;;2.3513280016731763;48.84670003526311;48.84670003526311, 2.3513280016731763;pollution moyenne - incertitude forte;Pollution moyenne;pollution moyenne
IDFM:462976;Carrefour Pleyel;Métro 13;pollution faible;FAIBLE;Évaluation : modélisation reposant notamment sur la configuration de la station, le trafic et le matériel roulant;non;;;2.343534674183465;48.91973260804976;48.919732608049756, 2.3435346741834655;pollution faible - incertitude forte;Pollution faible;pollution faible
IDFM:22391;Censier - Daubenton;Métro 7;pollution moyenne;MOYENNE;Évaluation : modélisation reposant notamment sur la configuration de la station, le trafic et le matériel roulant;non;;;2.351626572605499;48.84022624851393;48.84022624851393, 2.351626572605499;pollution moyenne - incertitude forte;Pollution moyenne;pollution moyenne
IDFM:22095;Charles de Gaulle - Etoile;Métro 6;pollution moyenne;MOYENNE;Évaluation : modélisation reposant notamment sur la configuration de la station, le trafic et le matériel roulant;non;;;2.294995735441831;48.87383861478572;48.87383861478572, 2.294995735441831;pollution moyenne - incertitude forte;Pollution moyenne;pollution moyenne
IDFM:21986;Charles Michels;Métro 10;pollution moyenne;MOYENNE;Évaluation : modélisation reposant notamment sur la configuration de la station, le trafic et le matériel roulant;non;;;2.2856243417995747;48.84636172348247;48.84636172348247, 2.2856243417995747;pollution moyenne - incertitude forte;Pollution moyenne;pollution moyenne
IDFM:463149;Château de Vincennes;Métro 1;pollution faible;FAIBLE;Évaluation : modélisation reposant notamment sur la configuration de la station, le trafic et le matériel roulant;non;;;2.440540095406114;48.84431751431355;48.84431751431355, 2.440540095406114;pollution faible - incertitude forte;Pollution faible;pollution faible
IDFM:22152;Château Rouge;Métro 4;pollution faible;FAIBLE;Évaluation : modélisation reposant notamment sur la configuration de la station, le trafic et le matériel roulant;non;;;2.3495819680256598;48.88724193064896;48.887241930648955, 2.3495819680256593;pollution faible - incertitude forte;Pollution faible;pollution faible
IDFM:22087;Châtelet;Métro 1;pollution moyenne;MOYENNE;Évaluation : modélisation reposant notamment sur la configuration de la station, le trafic et le matériel roulant;non;;;2.3457609541847755;48.85922471342816;48.85922471342816, 2.3457609541847755;pollution moyenne - incertitude forte;Pollution moyenne;pollution moyenne
IDFM:22388;Chaussée d'Antin - La Fayette;Métro 7;pollution moyenne;MOYENNE;Évaluation : modélisation reposant notamment sur la configuration de la station, le trafic et le matériel roulant;non;;;2.333738594408701;48.87313420577469;48.87313420577469, 2.3337385944087012;pollution moyenne - incertitude forte;Pollution moyenne;pollution moyenne
IDFM:22096;Concorde;Métro 8;pollution moyenne;MOYENNE;Évaluation : modélisation reposant notamment sur la configuration de la station, le trafic et le matériel roulant;non;;;2.3220315426557194;48.86652125193945;48.86652125193945, 2.3220315426557194;pollution moyenne - incertitude forte;Pollution moyenne;pollution moyenne
IDFM:463105;Corvisart;Métro 6;station aérienne;station aérienne;;non;;;2.350611225926166;48.82986001331238;48.82986001331238, 2.350611225926166;station aérienne;Station aérienne;station aérienne
IDFM:22121;Courcelles;Métro 2;pollution moyenne;MOYENNE;Évaluation : modélisation reposant notamment sur la configuration de la station, le trafic et le matériel roulant;non;Action(s) d'amélioration de la qualité de l'air en cours;;2.303294362425212;48.87926525411311;48.87926525411311, 2.3032943624252122;pollution moyenne - incertitude forte;Pollution moyenne;pollution moyenne
IDFM:463056;Créteil - Préfecture;Métro 8;station aérienne;station aérienne;;non;;;2.459305169291261;48.77975652677895;48.77975652677895, 2.4593051692912615;station aérienne;Station aérienne;station aérienne
IDFM:24687;Danube;Métro 7B;pollution moyenne;MOYENNE;Évaluation : modélisation reposant notamment sur la configuration de la station, le trafic et le matériel roulant;non;;;2.393228471227492;48.88194921492064;48.88194921492064, 2.393228471227492;pollution moyenne - incertitude forte;Pollution moyenne;pollution moyenne
IDFM:463177;Ecole Militaire;Métro 8;pollution faible;FAIBLE;Évaluation : campagne de mesure ponctuelle;non;;campagne de mesure ponctuelle;2.3064410394306907;48.85486175512232;48.854861755122315, 2.3064410394306907;pollution faible - incertitude faible;Pollution faible;pollution faible
IDFM:22214;Ecole Vétérinaire de Maisons-Alfort;Métro 8;pollution faible;FAIBLE;Évaluation : modélisation reposant notamment sur la configuration de la station, le trafic et le matériel roulant;non;;;2.422322751702586;48.814758684006726;48.814758684006726, 2.422322751702586;pollution faible - incertitude forte;Pollution faible;pollution faible
IDFM:22016;Eglise de Pantin;Métro 5;pollution moyenne;MOYENNE;Évaluation : modélisation reposant notamment sur la configuration de la station, le trafic et le matériel roulant;non;Action(s) d'amélioration de la qualité de l'air en cours;;2.413119553706935;48.893163974098265;48.893163974098265, 2.413119553706935;pollution moyenne - incertitude forte;Pollution moyenne;pollution moyenne
IDFM:463170;Esplanade de la Défense;Métro 1;pollution moyenne;MOYENNE;Évaluation : modélisation reposant notamment sur la configuration de la station, le trafic et le matériel roulant;non;;;2.249931086743073;48.88834989394862;48.88834989394862, 2.249931086743073;pollution moyenne - incertitude forte;Pollution moyenne;pollution moyenne
IDFM:463171;Etienne Marcel;Métro 4;pollution faible;FAIBLE;Évaluation : modélisation reposant notamment sur la configuration de la station, le trafic et le matériel roulant;non;;;2.3489761968791085;48.86370301202431;48.86370301202431, 2.3489761968791085;pollution faible - incertitude forte;Pollution faible;pollution faible
IDFM:22204;Faidherbe - Chaligny;Métro 8;pollution faible;FAIBLE;Évaluation : modélisation reposant notamment sur la configuration de la station, le trafic et le matériel roulant;non;;;2.384072471688875;48.85020070550927;48.850200705509266, 2.384072471688875;pollution faible - incertitude forte;Pollution faible;pollution faible
IDFM:22056;Falguière;Métro 12;pollution moyenne;MOYENNE;Évaluation : modélisation reposant notamment sur la configuration de la station, le trafic et le matériel roulant;non;;;2.317551235617027;48.844317683534335;48.844317683534335, 2.317551235617027;pollution moyenne - incertitude forte;Pollution moyenne;pollution moyenne
IDFM:463174;Gallieni;Métro 3;pollution faible;FAIBLE;Évaluation : modélisation reposant notamment sur la configuration de la station, le trafic et le matériel roulant;oui;;;2.415921484287642;48.86539746068654;48.86539746068654, 2.415921484287642;pollution faible - incertitude forte;Pollution faible;pollution faible
IDFM:462991;Gambetta;Métro 3;pollution moyenne;MOYENNE;Évaluation : modélisation reposant notamment sur la configuration de la station, le trafic et le matériel roulant;non;;;2.3973588775666475;48.86497267606974;48.86497267606974, 2.3973588775666475;pollution moyenne - incertitude forte;Pollution moyenne;pollution moyenne
IDFM:463024;Gare d'Austerlitz;Métro 10;pollution moyenne;MOYENNE;Évaluation : modélisation reposant notamment sur la configuration de la station, le trafic et le matériel roulant;non;;;2.364395394600644;48.84228236697996;48.84228236697996, 2.364395394600644;pollution moyenne - incertitude forte;Pollution moyenne;pollution moyenne
IDFM:22148;Gare de l'Est;Métro 4;pollution faible;FAIBLE;Évaluation : modélisation reposant notamment sur la configuration de la station, le trafic et le matériel roulant;non;;;2.3577495818204395;48.87627821831841;48.87627821831841, 2.3577495818204395;pollution faible - incertitude forte;Pollution faible;pollution faible
IDFM:463001;Gare de l'Est;Métro 7;pollution moyenne;MOYENNE;Évaluation : modélisation reposant notamment sur la configuration de la station, le trafic et le matériel roulant;oui;;;2.358120525273069;48.87627121454162;48.876271214541624, 2.358120525273069;pollution moyenne - incertitude forte;Pollution moyenne;pollution moyenne
IDFM:22084;George V;Métro 1;pollution faible;FAIBLE;Évaluation : modélisation reposant notamment sur la configuration de la station, le trafic et le matériel roulant;non;;;2.300759784978918;48.87203776458909;48.87203776458909, 2.300759784978918;pollution faible - incertitude forte;Pollution faible;pollution faible
IDFM:21996;Goncourt;Métro 11;pollution moyenne;MOYENNE;Évaluation : modélisation reposant notamment sur la configuration de la station, le trafic et le matériel roulant;non;;;2.3707644347484003;48.8700070178386;48.8700070178386, 2.3707644347484003;pollution moyenne - incertitude forte;Pollution moyenne;pollution moyenne
IDFM:463049;Grands Boulevards;Métro 9;pollution moyenne;MOYENNE;Évaluation : modélisation reposant notamment sur la configuration de la station, le trafic et le matériel roulant;non;Action(s) d'amélioration de la qualité de l'air en cours;;2.3432202183423976;48.871558801223806;48.871558801223806, 2.3432202183423976;pollution moyenne - incertitude forte;Pollution moyenne;pollution moyenne
IDFM:22193;Invalides;Métro 8;pollution faible;FAIBLE;Évaluation : modélisation reposant notamment sur la configuration de la station, le trafic et le matériel roulant;non;;;2.3146326604445164;48.86109201138112;48.86109201138112, 2.3146326604445164;pollution faible - incertitude forte;Pollution faible;pollution faible
IDFM:21928;Jasmin;Métro 9;pollution moyenne;MOYENNE;Évaluation : modélisation reposant notamment sur la configuration de la station, le trafic et le matériel roulant;non;Action(s) d'amélioration de la qualité de l'air en cours;;2.268219083521012;48.85246214784456;48.852462147844555, 2.268219083521012;pollution moyenne - incertitude forte;Pollution moyenne;pollution moyenne
IDFM:21952;Jaurès;Métro 5;pollution élevée;ELEVE;Évaluation : campagne de mesure ponctuelle;non;Action(s) d'amélioration de la qualité de l'air en cours;campagne de mesure ponctuelle;2.371438959985608;48.88302391342934;48.88302391342934, 2.371438959985608;pollution élevée - incertitude faible;Pollution élevée;pollution élevée
IDFM:24680;Jaurès;Métro 7B;pollution moyenne;MOYENNE;Évaluation : modélisation reposant notamment sur la configuration de la station, le trafic et le matériel roulant;non;;;2.370451734004561;48.88234423020823;48.882344230208226, 2.370451734004561;pollution moyenne - incertitude forte;Pollution moyenne;pollution moyenne
IDFM:21972;Javel - André Citroën;Métro 10;pollution moyenne;MOYENNE;Évaluation : modélisation reposant notamment sur la configuration de la station, le trafic et le matériel roulant;non;;;2.278009496527359;48.84618110622323;48.84618110622323, 2.278009496527359;pollution moyenne - incertitude forte;Pollution moyenne;pollution moyenne
IDFM:21929;La Muette;Métro 9;pollution moyenne;MOYENNE;Évaluation : modélisation reposant notamment sur la configuration de la station, le trafic et le matériel roulant;non;Action(s) d'amélioration de la qualité de l'air en cours;;2.2740962446697224;48.85809196689865;48.85809196689865, 2.2740962446697224;pollution moyenne - incertitude forte;Pollution moyenne;pollution moyenne
IDFM:463205;Lamarck - Caulaincourt;Métro 12;pollution faible;FAIBLE;Évaluation : modélisation reposant notamment sur la configuration de la station, le trafic et le matériel roulant;non;;;2.3385838243831936;48.88968180996681;48.88968180996681, 2.3385838243831936;pollution faible - incertitude forte;Pollution faible;pollution faible
IDFM:22232;Les Agnettes;Métro 13;pollution faible;FAIBLE;Évaluation : modélisation reposant notamment sur la configuration de la station, le trafic et le matériel roulant;non;;;2.286263202479002;48.92308777796361;48.92308777796361, 2.286263202479002;pollution faible - incertitude forte;Pollution faible;pollution faible
IDFM:463217;Les Sablons;Métro 1;pollution moyenne;MOYENNE;Évaluation : modélisation reposant notamment sur la configuration de la station, le trafic et le matériel roulant;non;;;2.271904762259129;48.88129083793358;48.88129083793358, 2.271904762259129;pollution moyenne - incertitude forte;Pollution moyenne;pollution moyenne
IDFM:490837;L'Haÿ-les-Roses;Métro 14;pas de données;pas de données;Évaluation : impossible faute d’informations;non;;;2.354991210566311;48.77532646395088;48.77532646395088, 2.354991210566311;pas de données;Pas de données;pas de données
IDFM:22225;Liège;Métro 13;pollution faible;FAIBLE;Évaluation : modélisation reposant notamment sur la configuration de la station, le trafic et le matériel roulant;non;;;2.3268526712397555;48.87953493737576;48.87953493737576, 2.3268526712397555;pollution faible - incertitude forte;Pollution faible;pollution faible
IDFM:21961;Madeleine;Métro 14;pollution moyenne;MOYENNE;Évaluation : modélisation reposant notamment sur la configuration de la station, le trafic et le matériel roulant;non;;;2.3258100487932776;48.87054467671624;48.87054467671624, 2.3258100487932776;pollution moyenne - incertitude forte;Pollution moyenne;pollution moyenne
IDFM:21999;Mairie des Lilas;Métro 11;pollution moyenne;MOYENNE;Évaluation : modélisation reposant notamment sur la configuration de la station, le trafic et le matériel roulant;non;;;2.4162978208011863;48.87974365006289;48.87974365006289, 2.4162978208011863;pollution moyenne - incertitude forte;Pollution moyenne;pollution moyenne
IDFM:463220;Mairie d'Ivry;Métro 7;pollution moyenne;MOYENNE;Évaluation : modélisation reposant notamment sur la configuration de la station, le trafic et le matériel roulant;non;;;2.383498053635828;48.811210093393306;48.811210093393306, 2.383498053635828;pollution moyenne - incertitude forte;Pollution moyenne;pollution moyenne
IDFM:22216;Maisons-Alfort - Les Juilliottes;Métro 8;pollution moyenne;MOYENNE;Évaluation : modélisation reposant notamment sur la configuration de la station, le trafic et le matériel roulant;non;;;2.4457883063759605;48.80310585036659;48.80310585036659, 2.4457883063759605;pollution moyenne - incertitude forte;Pollution moyenne;pollution moyenne
IDFM:22215;Maisons-Alfort - Stade;Métro 8;pollution moyenne;MOYENNE;Évaluation : modélisation reposant notamment sur la configuration de la station, le trafic et le matériel roulant;non;;;2.434819533389365;48.80891847848263;48.80891847848263, 2.434819533389365;pollution moyenne - incertitude forte;Pollution moyenne;pollution moyenne
IDFM:462974;Marcadet - Poissonniers;Métro 4;pollution faible;FAIBLE;Évaluation : modélisation reposant notamment sur la configuration de la station, le trafic et le matériel roulant;non;;;2.3495451670385634;48.89127969913649;48.89127969913649, 2.3495451670385634;pollution faible - incertitude forte;Pollution faible;pollution faible
IDFM:463236;Marx Dormoy;Métro 12;pollution moyenne;MOYENNE;Évaluation : modélisation reposant notamment sur la configuration de la station, le trafic et le matériel roulant;non;;;2.359808478084024;48.89057957856722;48.89057957856722, 2.359808478084024;pollution moyenne - incertitude forte;Pollution moyenne;pollution moyenne
IDFM:463239;Michel-Ange - Molitor;Métro 9;pollution élevée;ELEVE;Évaluation : modélisation reposant notamment sur la configuration de la station, le trafic et le matériel roulant;non;Action(s) d'amélioration de la qualité de l'air en cours;;2.261631583355701;48.844880488259605;48.844880488259605, 2.261631583355701;pollution élevée - incertitude forte;Pollution élevée;pollution élevée
IDFM:22157;Montparnasse Bienvenue;Métro 13;pollution moyenne;MOYENNE;Évaluation : modélisation reposant notamment sur la configuration de la station, le trafic et le matériel roulant;non;;;2.320983883036087;48.84231364506487;48.84231364506487, 2.320983883036087;pollution moyenne - incertitude forte;Pollution moyenne;pollution moyenne
IDFM:22080;Nation;Métro 1;pollution moyenne;MOYENNE;Évaluation : modélisation reposant notamment sur la configuration de la station, le trafic et le matériel roulant;non;;;2.3958439887237373;48.848084289973976;48.848084289973976, 2.3958439887237373;pollution moyenne - incertitude forte;Pollution moyenne;pollution moyenne
IDFM:22051;Notre-Dame des Champs;Métro 12;pollution faible;FAIBLE;Évaluation : modélisation reposant notamment sur la configuration de la station, le trafic et le matériel roulant;non;;;2.328564944227944;48.84508150807547;48.84508150807547, 2.328564944227944;pollution faible - incertitude forte;Pollution faible;pollution faible
IDFM:22376;Palais Royal - Musée du Louvre;Métro 7;pollution moyenne;MOYENNE;Évaluation : modélisation reposant notamment sur la configuration de la station, le trafic et le matériel roulant;non;;;2.337007354765684;48.86268399776967;48.862683997769665, 2.337007354765684;pollution moyenne - incertitude forte;Pollution moyenne;pollution moyenne
IDFM:462947;Pasteur;Métro 12;pollution moyenne;MOYENNE;Évaluation : modélisation reposant notamment sur la configuration de la station, le trafic et le matériel roulant;non;;;2.3126518981045816;48.84282366881032;48.84282366881032, 2.3126518981045816;pollution moyenne - incertitude forte;Pollution moyenne;pollution moyenne
IDFM:22020;Père Lachaise;Métro 3;pollution moyenne;MOYENNE;Évaluation : modélisation reposant notamment sur la configuration de la station, le trafic et le matériel roulant;non;;;2.386157046298338;48.86296417435419;48.86296417435419, 2.386157046298338;pollution moyenne - incertitude forte;Pollution moyenne;pollution moyenne
IDFM:22115;Place de Clichy;Métro 2;pollution moyenne;MOYENNE;Évaluation : modélisation reposant notamment sur la configuration de la station, le trafic et le matériel roulant;non;Action(s) d'amélioration de la qualité de l'air en cours;;2.32795832801022;48.88366908827266;48.88366908827266, 2.3279583280102196;pollution moyenne - incertitude forte;Pollution moyenne;pollution moyenne
IDFM:463003;Place d'Italie;Métro 6;pollution moyenne;MOYENNE;Évaluation : modélisation reposant notamment sur la configuration de la station, le trafic et le matériel roulant;non;;;2.3560502682264337;48.830991153013954;48.830991153013954, 2.3560502682264337;pollution moyenne - incertitude forte;Pollution moyenne;pollution moyenne
IDFM:463057;Pointe du Lac;Métro 8;station aérienne;station aérienne;;non;;;2.464317312722042;48.76876136434425;48.76876136434425, 2.464317312722042;station aérienne;Station aérienne;station aérienne
IDFM:463232;Pont Neuf;Métro 7;pollution faible;FAIBLE;Évaluation : modélisation reposant notamment sur la configuration de la station, le trafic et le matériel roulant;oui;;;2.341776749148542;48.85854633926832;48.85854633926832, 2.341776749148542;pollution faible - incertitude forte;Pollution faible;pollution faible
IDFM:463278;Porte de Clichy;Métro 13;pollution moyenne;MOYENNE;Évaluation : modélisation reposant notamment sur la configuration de la station, le trafic et le matériel roulant;non;;;2.31320835075881;48.89443128801746;48.89443128801746, 2.31320835075881;pollution moyenne - incertitude forte;Pollution moyenne;pollution moyenne
IDFM:22374;Porte de la Villette;Métro 7;pollution moyenne;MOYENNE;Évaluation : modélisation reposant notamment sur la configuration de la station, le trafic et le matériel roulant;non;;;2.385869033143345;48.89780269235572;48.89780269235572, 2.385869033143345;pollution moyenne - incertitude forte;Pollution moyenne;pollution moyenne
IDFM:22220;Porte de Saint-Ouen;Métro 13;pollution faible;FAIBLE;Évaluation : modélisation reposant notamment sur la configuration de la station, le trafic et le matériel roulant;non;;;2.3290483407446505;48.89749783732745;48.89749783732745, 2.3290483407446505;pollution faible - incertitude forte;Pollution faible;pollution faible
IDFM:22207;Porte Dorée;Métro 8;pollution moyenne;MOYENNE;Évaluation : modélisation reposant notamment sur la configuration de la station, le trafic et le matériel roulant;non;;;2.405749381400099;48.8350662204656;48.8350662204656, 2.405749381400099;pollution moyenne - incertitude forte;Pollution moyenne;pollution moyenne
IDFM:463092;Porte d'Orléans;Métro 4;pollution moyenne;MOYENNE;Évaluation : modélisation reposant notamment sur la configuration de la station, le trafic et le matériel roulant;non;;;2.325623760353114;48.82339460262072;48.823394602620716, 2.325623760353114;pollution moyenne - incertitude forte;Pollution moyenne;pollution moyenne
IDFM:21991;Pyrénées;Métro 11;pollution moyenne;MOYENNE;Évaluation : modélisation reposant notamment sur la configuration de la station, le trafic et le matériel roulant;non;;;2.384883957748741;48.87381265491752;48.87381265491752, 2.384883957748741;pollution moyenne - incertitude forte;Pollution moyenne;pollution moyenne
IDFM:463091;Réaumur - Sébastopol;Métro 3;pollution moyenne;MOYENNE;Évaluation : modélisation reposant notamment sur la configuration de la station, le trafic et le matériel roulant;non;;;2.3520239377964742;48.86628268363084;48.86628268363084, 2.3520239377964742;pollution moyenne - incertitude forte;Pollution moyenne;pollution moyenne
IDFM:21903;République;Métro 5;pollution moyenne;MOYENNE;Évaluation : modélisation reposant notamment sur la configuration de la station, le trafic et le matériel roulant;oui;Action(s) d'amélioration de la qualité de l'air en cours;;2.3640990472225725;48.867687468165165;48.867687468165165, 2.3640990472225725;pollution moyenne - incertitude forte;Pollution moyenne;pollution moyenne
IDFM:462960;République;Métro 11;pollution moyenne;MOYENNE;Évaluation : modélisation reposant notamment sur la configuration de la station, le trafic et le matériel roulant;non;;;2.3648796725347783;48.86788497134881;48.86788497134881, 2.3648796725347783;pollution moyenne - incertitude forte;Pollution moyenne;pollution moyenne
IDFM:490788;Romainville-Carnot;Métro 11;pas de données;pas de données;Évaluation : impossible faute d’informations;non;;;2.4406774445901718;48.88357423792701;48.883574237927014, 2.4406774445901713;pas de données;Pas de données;pas de données
IDFM:21946;Saint-Fargeau;Métro 3B;pollution moyenne;MOYENNE;Évaluation : modélisation reposant notamment sur la configuration de la station, le trafic et le matériel roulant;non;;;2.4044981831688688;48.87184337222297;48.87184337222297, 2.4044981831688688;pollution moyenne - incertitude forte;Pollution moyenne;pollution moyenne
IDFM:463040;Saint-Mandé;Métro 1;pollution moyenne;MOYENNE;Évaluation : modélisation reposant notamment sur la configuration de la station, le trafic et le matériel roulant;non;;;2.4189897063438077;48.84622934735893;48.84622934735893, 2.4189897063438073;pollution moyenne - incertitude forte;Pollution moyenne;pollution moyenne
IDFM:462986;Sentier;Métro 3;pollution moyenne;MOYENNE;Évaluation : modélisation reposant notamment sur la configuration de la station, le trafic et le matériel roulant;non;;;2.347513710821989;48.86728343166051;48.86728343166051, 2.3475137108219895;pollution moyenne - incertitude forte;Pollution moyenne;pollution moyenne
IDFM:21980;Sèvres - Babylone;Métro 12;pollution moyenne;MOYENNE;Évaluation : modélisation reposant notamment sur la configuration de la station, le trafic et le matériel roulant;oui;;;2.326859663121737;48.85156530639137;48.85156530639137, 2.326859663121737;pollution moyenne - incertitude forte;Pollution moyenne;pollution moyenne
IDFM:22159;Strasbourg - Saint-Denis;Métro 8;pollution moyenne;MOYENNE;Évaluation : modélisation reposant notamment sur la configuration de la station, le trafic et le matériel roulant;non;;;2.353744768129407;48.86938572399119;48.86938572399119, 2.353744768129407;pollution moyenne - incertitude forte;Pollution moyenne;pollution moyenne
IDFM:21993;Télégraphe;Métro 11;pollution moyenne;MOYENNE;Évaluation : modélisation reposant notamment sur la configuration de la station, le trafic et le matériel roulant;oui;;;2.3986480899605933;48.87551038418075;48.87551038418075, 2.3986480899605933;pollution moyenne - incertitude forte;Pollution moyenne;pollution moyenne
IDFM:463316;Temple;Métro 3;pollution moyenne;MOYENNE;Évaluation : modélisation reposant notamment sur la configuration de la station, le trafic et le matériel roulant;non;;;2.361589378332189;48.86668483219092;48.86668483219092, 2.3615893783321895;pollution moyenne - incertitude forte;Pollution moyenne;pollution moyenne
IDFM:22108;Ternes;Métro 2;pollution moyenne;MOYENNE;Évaluation : modélisation reposant notamment sur la configuration de la station, le trafic et le matériel roulant;non;Action(s) d'amélioration de la qualité de l'air en cours;;2.2981136521983068;48.8782007528283;48.8782007528283, 2.2981136521983068;pollution moyenne - incertitude forte;Pollution moyenne;pollution moyenne
IDFM:463016;Vavin;Métro 4;pollution faible;FAIBLE;Évaluation : modélisation reposant notamment sur la configuration de la station, le trafic et le matériel roulant;non;;;2.3288628540691043;48.84205232329236;48.84205232329236, 2.3288628540691043;pollution faible - incertitude forte;Pollution faible;pollution faible
IDFM:463323;Villejuif Léo Lagrange;Métro 7;pollution moyenne;MOYENNE;Évaluation : modélisation reposant notamment sur la configuration de la station, le trafic et le matériel roulant;non;;;2.364068547658874;48.80436739901952;48.80436739901952, 2.364068547658874;pollution moyenne - incertitude forte;Pollution moyenne;pollution moyenne
IDFM:22401;Villejuif Paul Vaillant-Couturier;Métro 7;pollution moyenne;MOYENNE;Évaluation : modélisation reposant notamment sur la configuration de la station, le trafic et le matériel roulant;non;;;2.3683316015776423;48.79631793416014;48.79631793416014, 2.3683316015776423;pollution moyenne - incertitude forte;Pollution moyenne;pollution moyenne
IDFM:22048;Volontaires;Métro 12;pollution moyenne;MOYENNE;Évaluation : modélisation reposant notamment sur la configuration de la station, le trafic et le matériel roulant;non;;;2.3079833805768515;48.84141172841498;48.84141172841498, 2.3079833805768515;pollution moyenne - incertitude forte;Pollution moyenne;pollution moyenne
IDFM:463116;Abbesses;Métro 12;pollution faible;FAIBLE;Évaluation : modélisation reposant notamment sur la configuration de la station, le trafic et le matériel roulant;non;;;2.338394635220906;48.88439271799143;48.884392717991425, 2.338394635220906;pollution faible - incertitude forte;Pollution faible;pollution faible
IDFM:22123;Anvers;Métro 2;pollution moyenne;MOYENNE;Évaluation : modélisation reposant notamment sur la configuration de la station, le trafic et le matériel roulant;non;Action(s) d'amélioration de la qualité de l'air en cours;;2.344154840330292;48.882868568843925;48.882868568843925, 2.3441548403302916;pollution moyenne - incertitude forte;Pollution moyenne;pollution moyenne
IDFM:22233;Asnières - Gennevilliers Les Courtilles;Métro 13;pollution faible;FAIBLE;Évaluation : modélisation reposant notamment sur la configuration de la station, le trafic et le matériel roulant;non;;;2.284372100658843;48.93060364140038;48.93060364140038, 2.284372100658843;pollution faible - incertitude forte;Pollution faible;pollution faible
IDFM:463123;Assemblée Nationale;Métro 12;pollution moyenne;MOYENNE;Évaluation : modélisation reposant notamment sur la configuration de la station, le trafic et le matériel roulant;non;;;2.3206896796944263;48.861122050080816;48.861122050080816, 2.3206896796944263;pollution moyenne - incertitude forte;Pollution moyenne;pollution moyenne
IDFM:463094;Barbès - Rochechouart;Métro 2;station aérienne;station aérienne;;non;Action(s) d'amélioration de la qualité de l'air en cours;;2.350573400888514;48.88385234986188;48.883852349861876, 2.350573400888514;station aérienne;Station aérienne;station aérienne
IDFM:22240;Basilique de Saint-Denis;Métro 13;pollution moyenne;MOYENNE;Évaluation : modélisation reposant notamment sur la configuration de la station, le trafic et le matériel roulant;non;;;2.3592958408126816;48.93678306532419;48.93678306532419, 2.3592958408126816;pollution moyenne - incertitude forte;Pollution moyenne;pollution moyenne
IDFM:463127;Bel-Air;Métro 6;station aérienne;station aérienne;;non;;;2.400867131995259;48.84142733223358;48.84142733223358, 2.400867131995259;station aérienne;Station aérienne;station aérienne
IDFM:463112;Bibliothèque François Mitterrand;Métro 14;pollution faible;FAIBLE;Évaluation : modélisation reposant notamment sur la configuration de la station, le trafic et le matériel roulant;non;;;2.376487371168301;48.829925765928905;48.829925765928905, 2.376487371168301;pollution faible - incertitude forte;Pollution faible;pollution faible
IDFM:463131;Bobigny Pablo Picasso;Métro 5;pollution moyenne;MOYENNE;Évaluation : modélisation reposant notamment sur la configuration de la station, le trafic et le matériel roulant;non;Action(s) d'amélioration de la qualité de l'air en cours;;2.449301336646573;48.90636679503056;48.906366795030564, 2.4493013366465726;pollution moyenne - incertitude forte;Pollution moyenne;pollution moyenne
IDFM:22176;Cambronne;Métro 6;station aérienne;station aérienne;;non;;;2.302941728337612;48.84754311219352;48.84754311219352, 2.3029417283376117;station aérienne;Station aérienne;station aérienne
IDFM:463146;Chemin Vert;Métro 8;pollution faible;FAIBLE;Évaluation : modélisation reposant notamment sur la configuration de la station, le trafic et le matériel roulant;non;Action(s) d'amélioration de la qualité de l'air en cours;;2.368095085385991;48.85708736782028;48.85708736782028, 2.368095085385991;pollution faible - incertitude forte;Pollution faible;pollution faible
IDFM:22120;Colonel Fabien;Métro 2;pollution moyenne;MOYENNE;Évaluation : modélisation reposant notamment sur la configuration de la station, le trafic et le matériel roulant;non;Action(s) d'amélioration de la qualité de l'air en cours;;2.370576102819657;48.877695345805535;48.877695345805535, 2.3705761028196575;pollution moyenne - incertitude forte;Pollution moyenne;pollution moyenne
IDFM:463162;Commerce;Métro 8;pollution faible;FAIBLE;Évaluation : modélisation reposant notamment sur la configuration de la station, le trafic et le matériel roulant;non;;;2.293851708440619;48.84458485524012;48.84458485524012, 2.293851708440619;pollution faible - incertitude forte;Pollution faible;pollution faible
IDFM:22057;Concorde;Métro 12;pollution moyenne;MOYENNE;Évaluation : modélisation reposant notamment sur la configuration de la station, le trafic et le matériel roulant;non;;;2.323181449571859;48.86615003482594;48.86615003482594, 2.323181449571859;pollution moyenne - incertitude forte;Pollution moyenne;pollution moyenne
IDFM:463152;Corentin Cariou;Métro 7;pollution faible;FAIBLE;Évaluation : modélisation reposant notamment sur la configuration de la station, le trafic et le matériel roulant;non;;;2.382291557164633;48.89467266005628;48.89467266005628, 2.382291557164633;pollution faible - incertitude forte;Pollution faible;pollution faible
IDFM:463165;Cour Saint-Emilion;Métro 14;pollution faible;FAIBLE;Évaluation : modélisation reposant notamment sur la configuration de la station, le trafic et le matériel roulant;non;;;2.386617850214058;48.83331930384343;48.833319303843425, 2.386617850214058;pollution faible - incertitude forte;Pollution faible;pollution faible
IDFM:463168;Daumesnil;Métro 8;pollution moyenne;MOYENNE;Évaluation : modélisation reposant notamment sur la configuration de la station, le trafic et le matériel roulant;oui;;;2.395573606140371;48.83967393140864;48.83967393140864, 2.395573606140371;pollution moyenne - incertitude forte;Pollution moyenne;pollution moyenne
IDFM:22200;Filles du Calvaire;Métro 8;pollution faible;FAIBLE;Évaluation : modélisation reposant notamment sur la configuration de la station, le trafic et le matériel roulant;non;;;2.366826859795412;48.86308830188695;48.86308830188695, 2.366826859795412;pollution faible - incertitude forte;Pollution faible;pollution faible
IDFM:22082;Franklin D. Roosevelt;Métro 1;pollution faible;FAIBLE;Évaluation : mesures permanentes;non;;mesures permanentes;2.309359666519628;48.8691648256349;48.8691648256349, 2.309359666519628;pollution faible - incertitude faible;Pollution faible;pollution faible
IDFM:463184;Gaîté;Métro 13;pollution faible;FAIBLE;Évaluation : modélisation reposant notamment sur la configuration de la station, le trafic et le matériel roulant;non;;;2.3223539967788067;48.83852608502253;48.83852608502253, 2.3223539967788067;pollution faible - incertitude forte;Pollution faible;pollution faible
IDFM:22173;Glacière;Métro 6;station aérienne;station aérienne;;non;;;2.3434974927179884;48.83117023524584;48.831170235245835, 2.3434974927179884;station aérienne;Station aérienne;station aérienne
IDFM:22197;Grands Boulevards;Métro 8;pollution moyenne;MOYENNE;Évaluation : modélisation reposant notamment sur la configuration de la station, le trafic et le matériel roulant;non;;;2.342839648636545;48.87146677844407;48.87146677844407, 2.342839648636545;pollution moyenne - incertitude forte;Pollution moyenne;pollution moyenne
IDFM:462952;Guy Môquet;Métro 13;pollution faible;FAIBLE;Évaluation : modélisation reposant notamment sur la configuration de la station, le trafic et le matériel roulant;non;;;2.327483258626126;48.8930014419616;48.8930014419616, 2.327483258626126;pollution faible - incertitude forte;Pollution faible;pollution faible
IDFM:22091;Hôtel de Ville;Métro 1;pollution faible;FAIBLE;Évaluation : modélisation reposant notamment sur la configuration de la station, le trafic et le matériel roulant;non;;;2.3520676701391;48.85735240518587;48.85735240518587, 2.3520676701391;pollution faible - incertitude forte;Pollution faible;pollution faible
IDFM:22185;Invalides;Métro 13;pollution faible;FAIBLE;Évaluation : modélisation reposant notamment sur la configuration de la station, le trafic et le matériel roulant;non;;;2.3146399951225347;48.86053445554123;48.86053445554123, 2.3146399951225347;pollution faible - incertitude forte;Pollution faible;pollution faible
IDFM:22118;Jaurès;Métro 2;station aérienne;station aérienne;;non;Action(s) d'amélioration de la qualité de l'air en cours;;2.370269867509251;48.88159683079925;48.88159683079925, 2.370269867509251;station aérienne;Station aérienne;station aérienne
IDFM:21995;Jourdain;Métro 11;pollution faible;FAIBLE;Évaluation : modélisation reposant notamment sur la configuration de la station, le trafic et le matériel roulant;non;;;2.389325378910096;48.875247348641416;48.875247348641416, 2.389325378910096;pollution faible - incertitude forte;Pollution faible;pollution faible
IDFM:22395;La Courneuve - 8 Mai 1945;Métro 7;pollution moyenne;MOYENNE;Évaluation : modélisation reposant notamment sur la configuration de la station, le trafic et le matériel roulant;non;;;2.4102214036405085;48.92024579662936;48.92024579662936, 2.4102214036405085;pollution moyenne - incertitude forte;Pollution moyenne;pollution moyenne
IDFM:22101;La Défense (Grande Arche);Métro 1;pollution faible;FAIBLE;Évaluation : modélisation reposant notamment sur la configuration de la station, le trafic et le matériel roulant;non;;;2.237988183098828;48.89181786646099;48.89181786646099, 2.2379881830988277;pollution faible - incertitude forte;Pollution faible;pollution faible
IDFM:490791;La Dhuys;Métro 11;pas de données;pas de données;Évaluation : impossible faute d’informations;non;;;2.465116181953647;48.8780111916913;48.8780111916913, 2.465116181953647;pas de données;Pas de données;pas de données
IDFM:463194;La Motte-Picquet - Grenelle;Métro 6;station aérienne;station aérienne;;non;;;2.298957096977008;48.84876544812232;48.848765448122315, 2.298957096977008;station aérienne;Station aérienne;station aérienne
IDFM:22146;Les Halles;Métro 4;pollution faible;FAIBLE;Évaluation : modélisation reposant notamment sur la configuration de la station, le trafic et le matériel roulant;non;;;2.34600573656331;48.86252665962869;48.86252665962869, 2.34600573656331;pollution faible - incertitude forte;Pollution faible;pollution faible
IDFM:463209;Liberté;Métro 8;pollution moyenne;MOYENNE;Évaluation : modélisation reposant notamment sur la configuration de la station, le trafic et le matériel roulant;non;;;2.406409459132366;48.82608032193611;48.82608032193611, 2.406409459132366;pollution moyenne - incertitude forte;Pollution moyenne;pollution moyenne
IDFM:22384;Louis Blanc;Métro 7;pollution moyenne;MOYENNE;Évaluation : modélisation reposant notamment sur la configuration de la station, le trafic et le matériel roulant;non;;;2.3643562491890786;48.88124182075271;48.88124182075271, 2.3643562491890786;pollution moyenne - incertitude forte;Pollution moyenne;pollution moyenne
IDFM:22034;Louise Michel;Métro 3;pollution moyenne;MOYENNE;Évaluation : modélisation reposant notamment sur la configuration de la station, le trafic et le matériel roulant;non;;;2.2882778490679767;48.88853900119613;48.88853900119613, 2.2882778490679767;pollution moyenne - incertitude forte;Pollution moyenne;pollution moyenne
IDFM:22187;Lourmel;Métro 8;pollution faible;FAIBLE;Évaluation : modélisation reposant notamment sur la configuration de la station, le trafic et le matériel roulant;non;;;2.2822419598550767;48.83866086365992;48.83866086365992, 2.2822419598550767;pollution faible - incertitude forte;Pollution faible;pollution faible
IDFM:21973;Mabillon;Métro 10;pollution faible;FAIBLE;Évaluation : modélisation reposant notamment sur la configuration de la station, le trafic et le matériel roulant;oui;;;2.335142819346476;48.85284373829949;48.85284373829949, 2.335142819346476;pollution faible - incertitude forte;Pollution faible;pollution faible
IDFM:463081;Madeleine;Métro 12;pollution faible;FAIBLE;Évaluation : modélisation reposant notamment sur la configuration de la station, le trafic et le matériel roulant;non;Action(s) d'amélioration de la qualité de l'air en cours;;2.325169929034193;48.87003294090397;48.87003294090397, 2.325169929034193;pollution faible - incertitude forte;Pollution faible;pollution faible
IDFM:21941;Mairie de Montreuil;Métro 9;pollution moyenne;MOYENNE;Évaluation : modélisation reposant notamment sur la configuration de la station, le trafic et le matériel roulant;non;Action(s) d'amélioration de la qualité de l'air en cours;;2.4418193772459085;48.8622744369706;48.8622744369706, 2.4418193772459085;pollution moyenne - incertitude forte;Pollution moyenne;pollution moyenne
IDFM:463224;Maison Blanche;Métro 7;pollution moyenne;MOYENNE;Évaluation : modélisation reposant notamment sur la configuration de la station, le trafic et le matériel roulant;non;;;2.358412946155939;48.82214950607496;48.82214950607496, 2.358412946155939;pollution moyenne - incertitude forte;Pollution moyenne;pollution moyenne
IDFM:463215;Maraîchers;Métro 9;pollution moyenne;MOYENNE;Évaluation : modélisation reposant notamment sur la configuration de la station, le trafic et le matériel roulant;non;Action(s) d'amélioration de la qualité de l'air en cours;;2.4060490065790447;48.85265013095636;48.85265013095636, 2.4060490065790447;pollution moyenne - incertitude forte;Pollution moyenne;pollution moyenne
IDFM:462914;Marcel Sembat;Métro 9;pollution moyenne;MOYENNE;Évaluation : modélisation reposant notamment sur la configuration de la station, le trafic et le matériel roulant;non;Action(s) d'amélioration de la qualité de l'air en cours;;2.243583048618053;48.83359298218974;48.83359298218974, 2.243583048618053;pollution moyenne - incertitude forte;Pollution moyenne;pollution moyenne
IDFM:22116;Ménilmontant;Métro 2;pollution moyenne;MOYENNE;Évaluation : modélisation reposant notamment sur la configuration de la station, le trafic et le matériel roulant;non;Action(s) d'amélioration de la qualité de l'air en cours;;2.38353966877949;48.866440166781686;48.866440166781686, 2.38353966877949;pollution moyenne - incertitude forte;Pollution moyenne;pollution moyenne
IDFM:21904;Michel-Ange - Molitor;Métro 10;pollution moyenne;MOYENNE;Évaluation : modélisation reposant notamment sur la configuration de la station, le trafic et le matériel roulant;non;;;2.2618218573220084;48.84515597018703;48.84515597018703, 2.2618218573220084;pollution moyenne - incertitude forte;Pollution moyenne;pollution moyenne
IDFM:462957;Miromesnil;Métro 9;pollution moyenne;MOYENNE;Évaluation : modélisation reposant notamment sur la configuration de la station, le trafic et le matériel roulant;non;Action(s) d'amélioration de la qualité de l'air en cours;;2.3146768238242688;48.87369210197914;48.87369210197914, 2.3146768238242688;pollution moyenne - incertitude forte;Pollution moyenne;pollution moyenne
IDFM:462955;Montparnasse Bienvenue;Métro 6;pollution moyenne;MOYENNE;Évaluation : modélisation reposant notamment sur la configuration de la station, le trafic et le matériel roulant;oui;;;2.3212187199903807;48.84213060781436;48.84213060781436, 2.3212187199903807;pollution moyenne - incertitude forte;Pollution moyenne;pollution moyenne
IDFM:22144;Mouton-Duvernet;Métro 4;pollution faible;FAIBLE;Évaluation : modélisation reposant notamment sur la configuration de la station, le trafic et le matériel roulant;non;;;2.32979034782274;48.831382009093616;48.831382009093616, 2.32979034782274;pollution faible - incertitude forte;Pollution faible;pollution faible
IDFM:22073;Nation;Métro 6;pollution moyenne;MOYENNE;Évaluation : modélisation reposant notamment sur la configuration de la station, le trafic et le matériel roulant;non;;;2.3958598043279085;48.84789550545761;48.84789550545761, 2.3958598043279085;pollution moyenne - incertitude forte;Pollution moyenne;pollution moyenne
IDFM:463062;Notre-Dame-de-Lorette;Métro 12;pollution moyenne;MOYENNE;Évaluation : modélisation reposant notamment sur la configuration de la station, le trafic et le matériel roulant;non;;;2.337900771823332;48.87604417483004;48.87604417483004, 2.3379007718233322;pollution moyenne - incertitude forte;Pollution moyenne;pollution moyenne
IDFM:463059;Oberkampf;Métro 5;pollution élevée;ELEVE;Évaluation : campagne de mesure ponctuelle;non;Action(s) d'amélioration de la qualité de l'air en cours;campagne de mesure ponctuelle;2.3686045625807752;48.86464456516527;48.86464456516527, 2.3686045625807752;pollution élevée - incertitude faible;Pollution élevée;pollution élevée
IDFM:21978;Odéon;Métro 10;pollution moyenne;MOYENNE;Évaluation : modélisation reposant notamment sur la configuration de la station, le trafic et le matériel roulant;non;;;2.340619126473996;48.8519477060765;48.8519477060765, 2.340619126473996;pollution moyenne - incertitude forte;Pollution moyenne;pollution moyenne
IDFM:463045;Olympiades;Métro 14;pollution moyenne;MOYENNE;Évaluation : modélisation reposant notamment sur la configuration de la station, le trafic et le matériel roulant;non;;;2.367034270941924;48.82694415504304;48.826944155043044, 2.367034270941924;pollution moyenne - incertitude forte;Pollution moyenne;pollution moyenne
IDFM:463228;Pereire;Métro 3;pollution moyenne;MOYENNE;Évaluation : modélisation reposant notamment sur la configuration de la station, le trafic et le matériel roulant;non;;;2.297701123838181;48.88492986463719;48.884929864637186, 2.297701123838181;pollution moyenne - incertitude forte;Pollution moyenne;pollution moyenne
IDFM:463098;Picpus;Métro 6;pollution moyenne;MOYENNE;Évaluation : modélisation reposant notamment sur la configuration de la station, le trafic et le matériel roulant;non;;;2.401274538822374;48.84510324750185;48.84510324750185, 2.4012745388223746;pollution moyenne - incertitude forte;Pollution moyenne;pollution moyenne
IDFM:22114;Pigalle;Métro 2;pollution élevée;ELEVE;Évaluation : modélisation reposant notamment sur la configuration de la station, le trafic et le matériel roulant;non;Action(s) d'amélioration de la qualité de l'air en cours;;2.338257976509587;48.88226954222623;48.882269542226226, 2.338257976509587;pollution élevée - incertitude forte;Pollution élevée;pollution élevée
IDFM:22129;Place de Clichy;Métro 13;pollution faible;FAIBLE;Évaluation : modélisation reposant notamment sur la configuration de la station, le trafic et le matériel roulant;non;;;2.327398345647013;48.88373789022764;48.883737890227636, 2.327398345647013;pollution faible - incertitude forte;Pollution faible;pollution faible
IDFM:22006;Place d'Italie;Métro 5;pollution moyenne;MOYENNE;Évaluation : modélisation reposant notamment sur la configuration de la station, le trafic et le matériel roulant;non;Action(s) d'amélioration de la qualité de l'air en cours;;2.35559694336975;48.83096622708413;48.83096622708413, 2.35559694336975;pollution moyenne - incertitude forte;Pollution moyenne;pollution moyenne
IDFM:463026;Place d'Italie;Métro 7;pollution moyenne;MOYENNE;Évaluation : modélisation reposant notamment sur la configuration de la station, le trafic et le matériel roulant;non;;;2.355330902236442;48.83154938471729;48.83154938471729, 2.355330902236442;pollution moyenne - incertitude forte;Pollution moyenne;pollution moyenne
IDFM:22099;Pont de Neuilly;Métro 1;pollution moyenne;MOYENNE;Évaluation : modélisation reposant notamment sur la configuration de la station, le trafic et le matériel roulant;oui;;;2.258495429369125;48.88548938897471;48.885489388974705, 2.2584954293691255;pollution moyenne - incertitude forte;Pollution moyenne;pollution moyenne
IDFM:22111;Porte Dauphine;Métro 2;pollution moyenne;MOYENNE;Évaluation : modélisation reposant notamment sur la configuration de la station, le trafic et le matériel roulant;non;Action(s) d'amélioration de la qualité de l'air en cours;;2.277632717545272;48.87139679524832;48.871396795248316, 2.2776327175452717;pollution moyenne - incertitude forte;Pollution moyenne;pollution moyenne
IDFM:463263;Porte des Lilas;Métro 11;pollution faible;FAIBLE;Évaluation : modélisation reposant notamment sur la configuration de la station, le trafic et le matériel roulant;oui;;;2.4065226763982275;48.87723143067265;48.87723143067265, 2.4065226763982275;pollution faible - incertitude forte;Pollution faible;pollution faible
IDFM:22375;Pyramides;Métro 7;pollution faible;FAIBLE;Évaluation : modélisation reposant notamment sur la configuration de la station, le trafic et le matériel roulant;non;;;2.3344175359665558;48.86588028991413;48.865880289914124, 2.3344175359665553;pollution faible - incertitude forte;Pollution faible;pollution faible
IDFM:22024;Quatre Septembre;Métro 3;pollution moyenne;MOYENNE;Évaluation : modélisation reposant notamment sur la configuration de la station, le trafic et le matériel roulant;non;;;2.3362786423248583;48.86959592111917;48.86959592111917, 2.3362786423248583;pollution moyenne - incertitude forte;Pollution moyenne;pollution moyenne
IDFM:22131;Raspail;Métro 4;pollution faible;FAIBLE;Évaluation : modélisation reposant notamment sur la configuration de la station, le trafic et le matériel roulant;non;;;2.330466993719873;48.83915635952557;48.83915635952557, 2.330466993719873;pollution faible - incertitude forte;Pollution faible;pollution faible
IDFM:463292;Raspail;Métro 6;pollution moyenne;MOYENNE;Évaluation : modélisation reposant notamment sur la configuration de la station, le trafic et le matériel roulant;oui;;;2.3304144712354797;48.8390661288004;48.8390661288004, 2.3304144712354793;pollution moyenne - incertitude forte;Pollution moyenne;pollution moyenne
IDFM:463072;Réaumur - Sébastopol;Métro 4;pollution faible;FAIBLE;Évaluation : modélisation reposant notamment sur la configuration de la station, le trafic et le matériel roulant;non;;;2.352381731140252;48.866077771215046;48.866077771215046, 2.352381731140252;pollution faible - incertitude forte;Pollution faible;pollution faible
IDFM:462968;Rennes;Métro 12;pollution moyenne;MOYENNE;Évaluation : modélisation reposant notamment sur la configuration de la station, le trafic et le matériel roulant;non;;;2.32802068556793;48.84819024311401;48.84819024311401, 2.32802068556793;pollution moyenne - incertitude forte;Pollution moyenne;pollution moyenne
IDFM:462963;République;Métro 9;pollution moyenne;MOYENNE;Évaluation : modélisation reposant notamment sur la configuration de la station, le trafic et le matériel roulant;non;Action(s) d'amélioration de la qualité de l'air en cours;;2.3633023407804536;48.86751235781114;48.86751235781114, 2.3633023407804536;pollution moyenne - incertitude forte;Pollution moyenne;pollution moyenne
IDFM:463294;Reuilly - Diderot;Métro 1;pollution faible;FAIBLE;Évaluation : modélisation reposant notamment sur la configuration de la station, le trafic et le matériel roulant;non;;;2.3858367760086865;48.84734982784612;48.84734982784612, 2.3858367760086865;pollution faible - incertitude forte;Pollution faible;pollution faible
IDFM:22098;Reuilly - Diderot;Métro 8;pollution moyenne;MOYENNE;Évaluation : modélisation reposant notamment sur la configuration de la station, le trafic et le matériel roulant;non;;;2.387201070409392;48.84721292669797;48.84721292669797, 2.3872010704093922;pollution moyenne - incertitude forte;Pollution moyenne;pollution moyenne
IDFM:490793;Rosny-Bois-Perrier;Métro 11;pas de données;pas de données;Évaluation : impossible faute d’informations;non;;;2.480609800808591;48.88302567942574;48.88302567942574, 2.480609800808591;pas de données;Pas de données;pas de données
IDFM:22025;Rue Saint-Maur;Métro 3;pollution moyenne;MOYENNE;Évaluation : modélisation reposant notamment sur la configuration de la station, le trafic et le matériel roulant;non;;;2.380486332251813;48.86413108020325;48.86413108020325, 2.380486332251813;pollution moyenne - incertitude forte;Pollution moyenne;pollution moyenne
IDFM:462971;Saint-Lazare;Métro 3;pollution moyenne;MOYENNE;Évaluation : modélisation reposant notamment sur la configuration de la station, le trafic et le matériel roulant;non;;;2.3244924701707954;48.87496650103443;48.87496650103443, 2.3244924701707954;pollution moyenne - incertitude forte;Pollution moyenne;pollution moyenne
IDFM:463097;Saint-Marcel;Métro 5;pollution moyenne;MOYENNE;Évaluation : modélisation reposant notamment sur la configuration de la station, le trafic et le matériel roulant;non;Action(s) d'amélioration de la qualité de l'air en cours;;2.3608176665940044;48.83847698406796;48.83847698406796, 2.3608176665940044;pollution moyenne - incertitude forte;Pollution moyenne;pollution moyenne
IDFM:480341;Saint-Ouen;Métro 14;pollution moyenne;MOYENNE;Évaluation : modélisation reposant notamment sur la configuration de la station, le trafic et le matériel roulant;non;;;2.3227559546697414;48.90516956991565;48.90516956991565, 2.3227559546697414;pollution moyenne - incertitude forte;Pollution moyenne;pollution moyenne
IDFM:22164;Trocadéro;Métro 6;pollution moyenne;MOYENNE;Évaluation : modélisation reposant notamment sur la configuration de la station, le trafic et le matériel roulant;non;;;2.287625377853519;48.86346147371448;48.86346147371448, 2.287625377853519;pollution moyenne - incertitude forte;Pollution moyenne;pollution moyenne
IDFM:463041;Tuileries;Métro 1;pollution faible;FAIBLE;Évaluation : modélisation reposant notamment sur la configuration de la station, le trafic et le matériel roulant;non;;;2.3296780947116416;48.864477839314645;48.864477839314645, 2.3296780947116416;pollution faible - incertitude forte;Pollution faible;pollution faible
IDFM:462988;Villiers;Métro 2;pollution moyenne;MOYENNE;Évaluation : modélisation reposant notamment sur la configuration de la station, le trafic et le matériel roulant;non;Action(s) d'amélioration de la qualité de l'air en cours;;2.31576144923934;48.88121227337839;48.88121227337839, 2.3157614492393397;pollution moyenne - incertitude forte;Pollution moyenne;pollution moyenne
IDFM:463070;Wagram;Métro 3;pollution moyenne;MOYENNE;Évaluation : modélisation reposant notamment sur la configuration de la station, le trafic et le matériel roulant;non;;;2.304673087584434;48.8838463907272;48.8838463907272, 2.304673087584434;pollution moyenne - incertitude forte;Pollution moyenne;pollution moyenne
IDFM:463118;Alésia;Métro 4;pollution faible;FAIBLE;Évaluation : modélisation reposant notamment sur la configuration de la station, le trafic et le matériel roulant;non;;;2.3271926250651647;48.82815215770352;48.828152157703514, 2.3271926250651647;pollution faible - incertitude forte;Pollution faible;pollution faible
IDFM:483314;Bagneux - Lucie Aubrac;Métro 4;pollution faible;FAIBLE;Évaluation : modélisation reposant notamment sur la configuration de la station, le trafic et le matériel roulant;non;;;2.317458362049886;48.80354822259104;48.80354822259104, 2.317458362049886;pollution faible - incertitude forte;Pollution faible;pollution faible
IDFM:463051;Balard;Métro 8;pollution moyenne;MOYENNE;Évaluation : modélisation reposant notamment sur la configuration de la station, le trafic et le matériel roulant;non;;;2.2783626618092008;48.83666789483108;48.83666789483108, 2.2783626618092008;pollution moyenne - incertitude forte;Pollution moyenne;pollution moyenne
IDFM:22097;Bastille;Métro 8;pollution moyenne;MOYENNE;Évaluation : modélisation reposant notamment sur la configuration de la station, le trafic et le matériel roulant;non;;;2.3695064282002;48.853425461693256;48.853425461693256, 2.3695064282002;pollution moyenne - incertitude forte;Pollution moyenne;pollution moyenne
IDFM:22128;Belleville;Métro 2;pollution élevée;ELEVE;Évaluation : campagne de mesure ponctuelle;oui;Action(s) d'amélioration de la qualité de l'air en cours;campagne de mesure ponctuelle;2.3768306915222848;48.87231407736167;48.872314077361665, 2.3768306915222848;pollution élevée - incertitude faible;Pollution élevée;pollution élevée
IDFM:463129;Bercy;Métro 14;pollution faible;FAIBLE;Évaluation : campagne de mesure ponctuelle;non;;campagne de mesure ponctuelle;2.3790620152277238;48.84010199803391;48.84010199803391, 2.3790620152277233;pollution faible - incertitude faible;Pollution faible;pollution faible
IDFM:22008;Bréguet-Sabin;Métro 5;pollution moyenne;MOYENNE;Évaluation : modélisation reposant notamment sur la configuration de la station, le trafic et le matériel roulant;non;Action(s) d'amélioration de la qualité de l'air en cours;;2.370194668589752;48.85624405468632;48.85624405468632, 2.3701946685897517;pollution moyenne - incertitude forte;Pollution moyenne;pollution moyenne
IDFM:24683;Buttes Chaumont;Métro 7B;pollution moyenne;MOYENNE;Évaluation : modélisation reposant notamment sur la configuration de la station, le trafic et le matériel roulant;non;;;2.381569842088008;48.87849908839857;48.87849908839857, 2.381569842088008;pollution moyenne - incertitude forte;Pollution moyenne;pollution moyenne
IDFM:463039;Buzenval;Métro 9;pollution moyenne;MOYENNE;Évaluation : modélisation reposant notamment sur la configuration de la station, le trafic et le matériel roulant;non;Action(s) d'amélioration de la qualité de l'air en cours;;2.401170769368413;48.85176243983227;48.85176243983227, 2.401170769368413;pollution moyenne - incertitude forte;Pollution moyenne;pollution moyenne
IDFM:22009;Campo-Formio;Métro 5;pollution moyenne;MOYENNE;Évaluation : modélisation reposant notamment sur la configuration de la station, le trafic et le matériel roulant;oui;Action(s) d'amélioration de la qualité de l'air en cours;;2.358468834639247;48.83559543123327;48.835595431233266, 2.358468834639247;pollution moyenne - incertitude forte;Pollution moyenne;pollution moyenne
IDFM:21934;Charonne;Métro 9;pollution moyenne;MOYENNE;Évaluation : modélisation reposant notamment sur la configuration de la station, le trafic et le matériel roulant;non;Action(s) d'amélioration de la qualité de l'air en cours;;2.3848878986690423;48.85500743705073;48.85500743705073, 2.3848878986690423;pollution moyenne - incertitude forte;Pollution moyenne;pollution moyenne
IDFM:462979;Château d'Eau;Métro 4;pollution faible;FAIBLE;Évaluation : modélisation reposant notamment sur la configuration de la station, le trafic et le matériel roulant;non;;;2.355901449780536;48.87247308911766;48.87247308911766, 2.3559014497805357;pollution faible - incertitude forte;Pollution faible;pollution faible
IDFM:463159;Châtelet;Métro 14;pollution moyenne;MOYENNE;Évaluation : modélisation reposant notamment sur la configuration de la station, le trafic et le matériel roulant;non;;;2.346411849769497;48.85955653272677;48.859556532726764, 2.346411849769497;pollution moyenne - incertitude forte;Pollution moyenne;pollution moyenne
IDFM:22364;Châtelet;Métro 7;pollution moyenne;MOYENNE;Évaluation : modélisation reposant notamment sur la configuration de la station, le trafic et le matériel roulant;non;;;2.3481609912345776;48.85695346078533;48.856953460785334, 2.3481609912345776;pollution moyenne - incertitude forte;Pollution moyenne;pollution moyenne
IDFM:22237;Châtillon-Montrouge;Métro 13;station aérienne;station aérienne;;non;;;2.301717705004608;48.81075140670139;48.81075140670139, 2.301717705004608;station aérienne;Station aérienne;station aérienne
IDFM:463144;Chaussée d'Antin - La Fayette;Métro 9;pollution moyenne;MOYENNE;Évaluation : modélisation reposant notamment sur la configuration de la station, le trafic et le matériel roulant;non;Action(s) d'amélioration de la qualité de l'air en cours;;2.333970457594147;48.87280723715393;48.87280723715393, 2.333970457594147;pollution moyenne - incertitude forte;Pollution moyenne;pollution moyenne
IDFM:22150;Cité;Métro 4;pollution moyenne;MOYENNE;Évaluation : modélisation reposant notamment sur la configuration de la station, le trafic et le matériel roulant;non;;;2.3472322349319112;48.85493384910671;48.85493384910671, 2.3472322349319112;pollution moyenne - incertitude forte;Pollution moyenne;pollution moyenne
IDFM:462949;Convention;Métro 12;pollution moyenne;MOYENNE;Évaluation : modélisation reposant notamment sur la configuration de la station, le trafic et le matériel roulant;non;;;2.2963913864809173;48.83713505380496;48.83713505380496, 2.2963913864809173;pollution moyenne - incertitude forte;Pollution moyenne;pollution moyenne
IDFM:463155;Crimée;Métro 7;pollution moyenne;MOYENNE;Évaluation : modélisation reposant notamment sur la configuration de la station, le trafic et le matériel roulant;non;;;2.3770380600019925;48.890814345621656;48.890814345621656, 2.3770380600019925;pollution moyenne - incertitude forte;Pollution moyenne;pollution moyenne
IDFM:463169;Daumesnil;Métro 6;pollution moyenne;MOYENNE;Évaluation : modélisation reposant notamment sur la configuration de la station, le trafic et le matériel roulant;non;;;2.396146067915452;48.839537421644565;48.839537421644565, 2.3961460679154514;pollution moyenne - incertitude forte;Pollution moyenne;pollution moyenne
IDFM:463075;Dugommier;Métro 6;pollution moyenne;MOYENNE;Évaluation : modélisation reposant notamment sur la configuration de la station, le trafic et le matériel roulant;non;;;2.3895997700798097;48.83903652832887;48.83903652832887, 2.3895997700798097;pollution moyenne - incertitude forte;Pollution moyenne;pollution moyenne
IDFM:22171;Dupleix;Métro 6;station aérienne;station aérienne;;non;;;2.293663726731039;48.8504116258067;48.8504116258067, 2.293663726731039;station aérienne;Station aérienne;station aérienne
IDFM:21931;Franklin D. Roosevelt;Métro 9;pollution moyenne;MOYENNE;Évaluation : modélisation reposant notamment sur la configuration de la station, le trafic et le matériel roulant;non;Action(s) d'amélioration de la qualité de l'air en cours;;2.309488192337113;48.86872488799857;48.86872488799857, 2.309488192337113;pollution moyenne - incertitude forte;Pollution moyenne;pollution moyenne
IDFM:463082;Front Populaire;Métro 12;pollution moyenne;MOYENNE;Évaluation : modélisation reposant notamment sur la configuration de la station, le trafic et le matériel roulant;non;;;2.365792023989413;48.90666420278779;48.90666420278779, 2.3657920239894126;pollution moyenne - incertitude forte;Pollution moyenne;pollution moyenne
IDFM:462997;Gambetta;Métro 3B;pollution moyenne;MOYENNE;Évaluation : modélisation reposant notamment sur la configuration de la station, le trafic et le matériel roulant;non;;;2.398537305704572;48.865032564464;48.865032564464, 2.398537305704572;pollution moyenne - incertitude forte;Pollution moyenne;pollution moyenne
IDFM:21981;Gare d'Austerlitz;Métro 5;station aérienne;station aérienne;;non;Action(s) d'amélioration de la qualité de l'air en cours;;2.3656078807625422;48.84229779662816;48.84229779662816, 2.3656078807625422;station aérienne;Station aérienne;station aérienne
IDFM:22013;Gare de l'Est;Métro 5;pollution moyenne;MOYENNE;Évaluation : modélisation reposant notamment sur la configuration de la station, le trafic et le matériel roulant;non;Action(s) d'amélioration de la qualité de l'air en cours;;2.35806459441865;48.87616299446643;48.87616299446643, 2.35806459441865;pollution moyenne - incertitude forte;Pollution moyenne;pollution moyenne
IDFM:463197;Gare de Lyon;Métro 1;pollution moyenne;MOYENNE;Évaluation : modélisation reposant notamment sur la configuration de la station, le trafic et le matériel roulant;non;;;2.373125016776689;48.84575948671397;48.84575948671397, 2.373125016776689;pollution moyenne - incertitude forte;Pollution moyenne;pollution moyenne
IDFM:22244;Garibaldi;Métro 13;pollution faible;FAIBLE;Évaluation : modélisation reposant notamment sur la configuration de la station, le trafic et le matériel roulant;non;;;2.331962553647662;48.906372391923206;48.906372391923206, 2.331962553647662;pollution faible - incertitude forte;Pollution faible;pollution faible
IDFM:21927;Iéna;Métro 9;pollution élevée;ELEVE;Évaluation : modélisation reposant notamment sur la configuration de la station, le trafic et le matériel roulant;non;Action(s) d'amélioration de la qualité de l'air en cours;;2.293906396859107;48.86468583928868;48.864685839288676, 2.293906396859107;pollution élevée - incertitude forte;Pollution élevée;pollution élevée
IDFM:463065;Jules Joffrin;Métro 12;pollution faible;FAIBLE;Évaluation : modélisation reposant notamment sur la configuration de la station, le trafic et le matériel roulant;oui;;;2.3443200293804827;48.892492268201934;48.892492268201934, 2.3443200293804827;pollution faible - incertitude forte;Pollution faible;pollution faible
IDFM:463078;Jussieu;Métro 7;pollution moyenne;MOYENNE;Évaluation : modélisation reposant notamment sur la configuration de la station, le trafic et le matériel roulant;non;;;2.354798309820857;48.84596333903808;48.84596333903808, 2.354798309820857;pollution moyenne - incertitude forte;Pollution moyenne;pollution moyenne
IDFM:22227;La Fourche;Métro 13;pollution faible;FAIBLE;Évaluation : modélisation reposant notamment sur la configuration de la station, le trafic et le matériel roulant;non;;;2.325686960766736;48.88742451051807;48.887424510518066, 2.3256869607667356;pollution faible - incertitude forte;Pollution faible;pollution faible
IDFM:463202;La Motte-Picquet - Grenelle;Métro 10;pollution faible;FAIBLE;Évaluation : modélisation reposant notamment sur la configuration de la station, le trafic et le matériel roulant;non;;;2.298684579816939;48.849532805857095;48.849532805857095, 2.298684579816939;pollution faible - incertitude forte;Pollution faible;pollution faible
IDFM:22398;Le Kremlin-Bicêtre;Métro 7;pollution moyenne;MOYENNE;Évaluation : modélisation reposant notamment sur la configuration de la station, le trafic et le matériel roulant;non;;;2.362130413802561;48.81025257278989;48.81025257278989, 2.362130413802561;pollution moyenne - incertitude forte;Pollution moyenne;pollution moyenne
IDFM:463216;Les Gobelins;Métro 7;pollution moyenne;MOYENNE;Évaluation : modélisation reposant notamment sur la configuration de la station, le trafic et le matériel roulant;non;;;2.3525311653622043;48.83589170669027;48.83589170669027, 2.3525311653622043;pollution moyenne - incertitude forte;Pollution moyenne;pollution moyenne
IDFM:463034;Louis Blanc;Métro 7B;pollution moyenne;MOYENNE;Évaluation : modélisation reposant notamment sur la configuration de la station, le trafic et le matériel roulant;non;;;2.364365143550256;48.88118341152446;48.88118341152446, 2.364365143550256;pollution moyenne - incertitude forte;Pollution moyenne;pollution moyenne
IDFM:22194;Madeleine;Métro 8;pollution moyenne;MOYENNE;Évaluation : modélisation reposant notamment sur la configuration de la station, le trafic et le matériel roulant;non;Action(s) d'amélioration de la qualité de l'air en cours;;2.3260272117729994;48.86956561611772;48.86956561611772, 2.3260272117729994;pollution moyenne - incertitude forte;Pollution moyenne;pollution moyenne
IDFM:463219;Mairie d'Issy;Métro 12;pollution moyenne;MOYENNE;Évaluation : modélisation reposant notamment sur la configuration de la station, le trafic et le matériel roulant;non;;;2.273558168023932;48.82434428766646;48.82434428766646, 2.273558168023932;pollution moyenne - incertitude forte;Pollution moyenne;pollution moyenne
IDFM:463214;Malakoff - Rue Etienne Dolet;Métro 13;station aérienne;station aérienne;;non;;;2.2971240100835835;48.81533836595972;48.81533836595972, 2.2971240100835835;station aérienne;Station aérienne;station aérienne
IDFM:463238;Michel-Ange - Auteuil;Métro 9;pollution élevée;ELEVE;Évaluation : modélisation reposant notamment sur la configuration de la station, le trafic et le matériel roulant;oui;Action(s) d'amélioration de la qualité de l'air en cours;;2.2638093220226634;48.84770893216831;48.84770893216831, 2.2638093220226634;pollution élevée - incertitude forte;Pollution élevée;pollution élevée
IDFM:22224;Miromesnil;Métro 13;pollution faible;FAIBLE;Évaluation : modélisation reposant notamment sur la configuration de la station, le trafic et le matériel roulant;non;;;2.3160106931210245;48.87344791579522;48.87344791579522, 2.3160106931210245;pollution faible - incertitude forte;Pollution faible;pollution faible
IDFM:463240;Monceau;Métro 2;pollution moyenne;MOYENNE;Évaluation : modélisation reposant notamment sur la configuration de la station, le trafic et le matériel roulant;non;Action(s) d'amélioration de la qualité de l'air en cours;;2.309412967374703;48.88056877012684;48.880568770126835, 2.309412967374703;pollution moyenne - incertitude forte;Pollution moyenne;pollution moyenne
IDFM:462980;Montparnasse Bienvenue;Métro 12;pollution moyenne;MOYENNE;Évaluation : modélisation reposant notamment sur la configuration de la station, le trafic et le matériel roulant;non;;;2.32392211008296;48.84374228942691;48.84374228942691, 2.32392211008296;pollution moyenne - incertitude forte;Pollution moyenne;pollution moyenne
IDFM:490789;Montreuil - Hôpital;Métro 11;pas de données;pas de données;Évaluation : impossible faute d’informations;non;;;2.4546692358364623;48.878269829247664;48.878269829247664, 2.4546692358364623;pas de données;Pas de données;pas de données
IDFM:22072;Nation;Métro 2;pollution moyenne;MOYENNE;Évaluation : modélisation reposant notamment sur la configuration de la station, le trafic et le matériel roulant;non;Action(s) d'amélioration de la qualité de l'air en cours;;2.395798835112525;48.84845279707999;48.84845279707999, 2.3957988351125254;pollution moyenne - incertitude forte;Pollution moyenne;pollution moyenne
IDFM:21925;Oberkampf;Métro 9;pollution élevée;ELEVE;Évaluation : modélisation reposant notamment sur la configuration de la station, le trafic et le matériel roulant;oui;Action(s) d'amélioration de la qualité de l'air en cours;;2.3681558453945515;48.86477709852134;48.86477709852134, 2.3681558453945515;pollution élevée - incertitude forte;Pollution élevée;pollution élevée
IDFM:22019;Parmentier;Métro 3;pollution moyenne;MOYENNE;Évaluation : modélisation reposant notamment sur la configuration de la station, le trafic et le matériel roulant;non;;;2.3747205969196896;48.86524326053047;48.86524326053047, 2.3747205969196896;pollution moyenne - incertitude forte;Pollution moyenne;pollution moyenne
IDFM:22165;Passy;Métro 6;station aérienne;station aérienne;;non;;;2.285839418881462;48.85751508962033;48.85751508962033, 2.285839418881462;station aérienne;Station aérienne;station aérienne
IDFM:22397;Pierre et Marie Curie;Métro 7;pollution moyenne;MOYENNE;Évaluation : modélisation reposant notamment sur la configuration de la station, le trafic et le matériel roulant;non;;;2.377246886036494;48.81583650099709;48.815836500997094, 2.377246886036494;pollution moyenne - incertitude forte;Pollution moyenne;pollution moyenne
IDFM:463030;Porte de Choisy;Métro 7;pollution faible;FAIBLE;Évaluation : modélisation reposant notamment sur la configuration de la station, le trafic et le matériel roulant;non;;;2.3646785940494577;48.82005592914816;48.82005592914816, 2.3646785940494577;pollution faible - incertitude forte;Pollution faible;pollution faible
IDFM:22041;Porte de la Chapelle;Métro 12;pollution faible;FAIBLE;Évaluation : modélisation reposant notamment sur la configuration de la station, le trafic et le matériel roulant;non;;;2.359248542310361;48.89740242267042;48.89740242267042, 2.359248542310361;pollution faible - incertitude forte;Pollution faible;pollution faible
IDFM:22077;Porte de Vincennes;Métro 1;pollution moyenne;MOYENNE;Évaluation : modélisation reposant notamment sur la configuration de la station, le trafic et le matériel roulant;oui;;;2.4108049967015006;48.84700773108863;48.84700773108863, 2.4108049967015006;pollution moyenne - incertitude forte;Pollution moyenne;pollution moyenne
IDFM:463262;Porte des Lilas;Métro 3B;pollution moyenne;MOYENNE;Évaluation : modélisation reposant notamment sur la configuration de la station, le trafic et le matériel roulant;non;;;2.4069512666209;48.87663999703494;48.87663999703494, 2.4069512666209;pollution moyenne - incertitude forte;Pollution moyenne;pollution moyenne
IDFM:463235;Porte d'Italie;Métro 7;pollution faible;FAIBLE;Évaluation : modélisation reposant notamment sur la configuration de la station, le trafic et le matériel roulant;non;;;2.3595297331071694;48.81910659655869;48.81910659655869, 2.3595297331071694;pollution faible - incertitude forte;Pollution faible;pollution faible
IDFM:24684;Pré-Saint-Gervais;Métro 7B;pollution moyenne;MOYENNE;Évaluation : modélisation reposant notamment sur la configuration de la station, le trafic et le matériel roulant;non;;;2.398580770693528;48.8801595806643;48.8801595806643, 2.398580770693528;pollution moyenne - incertitude forte;Pollution moyenne;pollution moyenne
IDFM:462962;République;Métro 8;pollution moyenne;MOYENNE;Évaluation : modélisation reposant notamment sur la configuration de la station, le trafic et le matériel roulant;non;;;2.363149406900382;48.86742161002706;48.86742161002706, 2.363149406900382;pollution moyenne - incertitude forte;Pollution moyenne;pollution moyenne
IDFM:22002;Richard-Lenoir;Métro 5;pollution moyenne;MOYENNE;Évaluation : modélisation reposant notamment sur la configuration de la station, le trafic et le matériel roulant;non;Action(s) d'amélioration de la qualité de l'air en cours;;2.371813630476951;48.85987693786871;48.859876937868705, 2.371813630476951;pollution moyenne - incertitude forte;Pollution moyenne;pollution moyenne
IDFM:22196;Richelieu - Drouot;Métro 8;pollution moyenne;MOYENNE;Évaluation : modélisation reposant notamment sur la configuration de la station, le trafic et le matériel roulant;non;;;2.3384190255427955;48.87173920910264;48.87173920910264, 2.3384190255427955;pollution moyenne - incertitude forte;Pollution moyenne;pollution moyenne
IDFM:22371;Riquet;Métro 7;pollution faible;FAIBLE;Évaluation : modélisation reposant notamment sur la configuration de la station, le trafic et le matériel roulant;non;;;2.373764152701256;48.88810829453359;48.88810829453359, 2.3737641527012556;pollution faible - incertitude forte;Pollution faible;pollution faible
IDFM:462969;Saint-Lazare;Métro 12;pollution moyenne;MOYENNE;Évaluation : modélisation reposant notamment sur la configuration de la station, le trafic et le matériel roulant;non;;;2.327470237303278;48.875594817796994;48.875594817796994, 2.327470237303278;pollution moyenne - incertitude forte;Pollution moyenne;pollution moyenne
IDFM:22218;Saint-Lazare;Métro 13;pollution faible;FAIBLE;Évaluation : modélisation reposant notamment sur la configuration de la station, le trafic et le matériel roulant;non;;;2.325488390672613;48.87538131600797;48.87538131600797, 2.325488390672613;pollution faible - incertitude forte;Pollution faible;pollution faible
IDFM:462972;Saint-Lazare;Métro 14;pollution moyenne;MOYENNE;Évaluation : modélisation reposant notamment sur la configuration de la station, le trafic et le matériel roulant;oui;;;2.3240258961246782;48.87566085467199;48.875660854671985, 2.3240258961246782;pollution moyenne - incertitude forte;Pollution moyenne;pollution moyenne
IDFM:22074;Saint-Paul (Le Marais);Métro 1;pollution faible;FAIBLE;Évaluation : modélisation reposant notamment sur la configuration de la station, le trafic et le matériel roulant;non;;;2.3608852562751967;48.85518742160445;48.85518742160445, 2.3608852562751967;pollution faible - incertitude forte;Pollution faible;pollution faible
IDFM:22201;Saint-Sébastien - Froissart;Métro 8;pollution faible;FAIBLE;Évaluation : modélisation reposant notamment sur la configuration de la station, le trafic et le matériel roulant;non;;;2.367370357789606;48.86098670797991;48.86098670797991, 2.367370357789606;pollution faible - incertitude forte;Pollution faible;pollution faible
IDFM:22133;Simplon;Métro 4;pollution faible;FAIBLE;Évaluation : modélisation reposant notamment sur la configuration de la station, le trafic et le matériel roulant;non;;;2.347794968187123;48.8938152613519;48.8938152613519, 2.347794968187123;pollution faible - incertitude forte;Pollution faible;pollution faible
IDFM:463267;Tolbiac;Métro 7;pollution moyenne;MOYENNE;Évaluation : modélisation reposant notamment sur la configuration de la station, le trafic et le matériel roulant;non;;;2.357018567738162;48.82615323734341;48.82615323734341, 2.357018567738162;pollution moyenne - incertitude forte;Pollution moyenne;pollution moyenne
IDFM:22109;Victor Hugo;Métro 2;pollution moyenne;MOYENNE;Évaluation : modélisation reposant notamment sur la configuration de la station, le trafic et le matériel roulant;oui;Action(s) d'amélioration de la qualité de l'air en cours;;2.2859020006220643;48.8698545716049;48.8698545716049, 2.2859020006220643;pollution moyenne - incertitude forte;Pollution moyenne;pollution moyenne
IDFM:22400;Villejuif - Louis Aragon;Métro 7;pollution moyenne;MOYENNE;Évaluation : modélisation reposant notamment sur la configuration de la station, le trafic et le matériel roulant;non;;;2.36783901176962;48.78753717099888;48.78753717099888, 2.36783901176962;pollution moyenne - incertitude forte;Pollution moyenne;pollution moyenne
IDFM:22027;Villiers;Métro 3;pollution moyenne;MOYENNE;Évaluation : modélisation reposant notamment sur la configuration de la station, le trafic et le matériel roulant;non;;;2.315815092646378;48.88107318307563;48.88107318307563, 2.315815092646378;pollution moyenne - incertitude forte;Pollution moyenne;pollution moyenne
IDFM:463052;Alma - Marceau;Métro 9;pollution moyenne;MOYENNE;Évaluation : modélisation reposant notamment sur la configuration de la station, le trafic et le matériel roulant;non;Action(s) d'amélioration de la qualité de l'air en cours;;2.30110435239267;48.86464714790582;48.86464714790582, 2.3011043523926706;pollution moyenne - incertitude forte;Pollution moyenne;pollution moyenne
IDFM:22036;Anatole France;Métro 3;pollution faible;FAIBLE;Évaluation : modélisation reposant notamment sur la configuration de la station, le trafic et le matériel roulant;non;;;2.28498169634032;48.892206617614;48.892206617614, 2.2849816963403193;pollution faible - incertitude forte;Pollution faible;pollution faible
IDFM:483277;Barbara;Métro 4;pollution faible;FAIBLE;Évaluation : modélisation reposant notamment sur la configuration de la station, le trafic et le matériel roulant;non;;;2.3174992240284045;48.80979025430712;48.80979025430712, 2.3174992240284045;pollution faible - incertitude forte;Pollution faible;pollution faible
IDFM:463035;Billancourt;Métro 9;pollution moyenne;MOYENNE;Évaluation : modélisation reposant notamment sur la configuration de la station, le trafic et le matériel roulant;non;Action(s) d'amélioration de la qualité de l'air en cours;;2.237891101038026;48.83191997405451;48.83191997405451, 2.237891101038026;pollution moyenne - incertitude forte;Pollution moyenne;pollution moyenne
IDFM:463113;Blanche;Métro 2;pollution moyenne;MOYENNE;Évaluation : modélisation reposant notamment sur la configuration de la station, le trafic et le matériel roulant;non;Action(s) d'amélioration de la qualité de l'air en cours;;2.3324843754343627;48.88376635447715;48.88376635447715, 2.3324843754343627;pollution moyenne - incertitude forte;Pollution moyenne;pollution moyenne
IDFM:463115;Bonne Nouvelle;Métro 8;pollution moyenne;MOYENNE;Évaluation : modélisation reposant notamment sur la configuration de la station, le trafic et le matériel roulant;non;;;2.348496122542364;48.87048144580479;48.87048144580479, 2.348496122542364;pollution moyenne - incertitude forte;Pollution moyenne;pollution moyenne
IDFM:463139;Cadet;Métro 7;pollution faible;FAIBLE;Évaluation : modélisation reposant notamment sur la configuration de la station, le trafic et le matériel roulant;non;;;2.344383883779656;48.87604838013132;48.87604838013132, 2.3443838837796562;pollution faible - incertitude forte;Pollution faible;pollution faible
IDFM:22090;Champs-Elysées - Clemenceau;Métro 1;pollution faible;FAIBLE;Évaluation : modélisation reposant notamment sur la configuration de la station, le trafic et le matériel roulant;non;;;2.314397292025236;48.86758395955256;48.867583959552555, 2.314397292025236;pollution faible - incertitude forte;Pollution faible;pollution faible
IDFM:21985;Chardon Lagache;Métro 10;pollution faible;FAIBLE;Évaluation : modélisation reposant notamment sur la configuration de la station, le trafic et le matériel roulant;non;;;2.26690547594029;48.84508829917885;48.84508829917885, 2.26690547594029;pollution faible - incertitude forte;Pollution faible;pollution faible
IDFM:22367;Château Landon;Métro 7;pollution moyenne;MOYENNE;Évaluation : modélisation reposant notamment sur la configuration de la station, le trafic et le matériel roulant;non;;;2.3620179355106075;48.87844145573239;48.87844145573239, 2.3620179355106075;pollution moyenne - incertitude forte;Pollution moyenne;pollution moyenne
IDFM:462944;Cluny - La Sorbonne;Métro 10;pollution moyenne;MOYENNE;Évaluation : modélisation reposant notamment sur la configuration de la station, le trafic et le matériel roulant;non;;;2.3450218824744566;48.850793731720536;48.850793731720536, 2.3450218824744566;pollution moyenne - incertitude forte;Pollution moyenne;pollution moyenne
IDFM:22061;Corentin Celton;Métro 12;pollution moyenne;MOYENNE;Évaluation : modélisation reposant notamment sur la configuration de la station, le trafic et le matériel roulant;non;;;2.2789586605256367;48.82682329515912;48.826823295159116, 2.2789586605256367;pollution moyenne - incertitude forte;Pollution moyenne;pollution moyenne
IDFM:490770;Coteaux Beauclair;Métro 11;station aérienne;station aérienne;;non;;;2.4673647804495924;48.88212212689498;48.88212212689498, 2.4673647804495924;station aérienne;Station aérienne;station aérienne
IDFM:463103;Denfert-Rochereau;Métro 6;pollution moyenne;MOYENNE;Évaluation : modélisation reposant notamment sur la configuration de la station, le trafic et le matériel roulant;non;;;2.332803776289825;48.83424986732888;48.83424986732888, 2.332803776289825;pollution moyenne - incertitude forte;Pollution moyenne;pollution moyenne
IDFM:22172;Edgar Quinet;Métro 6;pollution moyenne;MOYENNE;Évaluation : modélisation reposant notamment sur la configuration de la station, le trafic et le matériel roulant;non;;;2.3253749636089105;48.84098044632817;48.84098044632817, 2.3253749636089105;pollution moyenne - incertitude forte;Pollution moyenne;pollution moyenne
IDFM:463069;Europe;Métro 3;pollution faible;FAIBLE;Évaluation : modélisation reposant notamment sur la configuration de la station, le trafic et le matériel roulant;non;;;2.32218591952051;48.87875316404477;48.87875316404477, 2.32218591952051;pollution faible - incertitude forte;Pollution faible;pollution faible
IDFM:22393;Fort d'Aubervilliers;Métro 7;pollution moyenne;MOYENNE;Évaluation : modélisation reposant notamment sur la configuration de la station, le trafic et le matériel roulant;non;;;2.404075377271855;48.91475665506255;48.91475665506255, 2.404075377271855;pollution moyenne - incertitude forte;Pollution moyenne;pollution moyenne
IDFM:462953;Gabriel Péri;Métro 13;pollution moyenne;MOYENNE;Évaluation : modélisation reposant notamment sur la configuration de la station, le trafic et le matériel roulant;non;;;2.29460408001733;48.91634741814672;48.916347418146714, 2.29460408001733;pollution moyenne - incertitude forte;Pollution moyenne;pollution moyenne
IDFM:463188;Havre-Caumartin;Métro 9;pollution moyenne;MOYENNE;Évaluation : modélisation reposant notamment sur la configuration de la station, le trafic et le matériel roulant;non;Action(s) d'amélioration de la qualité de l'air en cours;;2.327677208279404;48.8737568325288;48.8737568325288, 2.327677208279404;pollution moyenne - incertitude forte;Pollution moyenne;pollution moyenne
IDFM:21906;Havre-Caumartin;Métro 3;pollution faible;FAIBLE;Évaluation : modélisation reposant notamment sur la configuration de la station, le trafic et le matériel roulant;non;;;2.327462798423509;48.87346783937801;48.87346783937801, 2.3274627984235092;pollution faible - incertitude forte;Pollution faible;pollution faible
IDFM:463017;Hoche;Métro 5;pollution moyenne;MOYENNE;Évaluation : modélisation reposant notamment sur la configuration de la station, le trafic et le matériel roulant;non;Action(s) d'amélioration de la qualité de l'air en cours;;2.403114154894396;48.8914957494373;48.891495749437304, 2.403114154894396;pollution moyenne - incertitude forte;Pollution moyenne;pollution moyenne
IDFM:490839;Hôpital Bicêtre;Métro 14;pas de données;pas de données;Évaluation : impossible faute d’informations;non;;;2.349946533239157;48.809971090725966;48.809971090725966, 2.349946533239157;pas de données;Pas de données;pas de données
IDFM:463061;Hôtel de Ville;Métro 11;pollution moyenne;MOYENNE;Évaluation : modélisation reposant notamment sur la configuration de la station, le trafic et le matériel roulant;non;;;2.3514239919428728;48.85760073633446;48.85760073633446, 2.3514239919428728;pollution moyenne - incertitude forte;Pollution moyenne;pollution moyenne
IDFM:462982;La Chapelle;Métro 2;station aérienne;station aérienne;;non;Action(s) d'amélioration de la qualité de l'air en cours;;2.360430336162137;48.88447648340964;48.88447648340964, 2.360430336162137;station aérienne;Station aérienne;station aérienne
IDFM:22192;La Tour-Maubourg;Métro 8;pollution faible;FAIBLE;Évaluation : modélisation reposant notamment sur la configuration de la station, le trafic et le matériel roulant;non;;;2.310588789873988;48.85766922956403;48.85766922956403, 2.3105887898739876;pollution faible - incertitude forte;Pollution faible;pollution faible
IDFM:463206;Le Peletier;Métro 7;pollution faible;FAIBLE;Évaluation : modélisation reposant notamment sur la configuration de la station, le trafic et le matériel roulant;non;Action(s) d'amélioration de la qualité de l'air en cours;;2.340206459456337;48.87485179367072;48.874851793670715, 2.340206459456337;pollution faible - incertitude forte;Pollution faible;pollution faible
IDFM:22203;Ledru-Rollin;Métro 8;pollution moyenne;MOYENNE;Évaluation : modélisation reposant notamment sur la configuration de la station, le trafic et le matériel roulant;non;;;2.376141223318593;48.85133776679838;48.85133776679838, 2.3761412233185926;pollution moyenne - incertitude forte;Pollution moyenne;pollution moyenne
IDFM:463218;Louvre - Rivoli;Métro 1;pollution faible;FAIBLE;Évaluation : modélisation reposant notamment sur la configuration de la station, le trafic et le matériel roulant;non;;;2.3409964272720227;48.86090733426327;48.86090733426327, 2.3409964272720227;pollution faible - incertitude forte;Pollution faible;pollution faible
IDFM:22238;Mairie de Clichy;Métro 13;pollution moyenne;MOYENNE;Évaluation : modélisation reposant notamment sur la configuration de la station, le trafic et le matériel roulant;non;;;2.3058484063578857;48.90349897462669;48.90349897462669, 2.3058484063578857;pollution moyenne - incertitude forte;Pollution moyenne;pollution moyenne
IDFM:480330;Mairie de Saint-Ouen;Métro 14;pollution moyenne;MOYENNE;Évaluation : modélisation reposant notamment sur la configuration de la station, le trafic et le matériel roulant;non;;;2.333545807213269;48.91164217552501;48.91164217552501, 2.3335458072132695;pollution moyenne - incertitude forte;Pollution moyenne;pollution moyenne
IDFM:463212;Mairie de Saint-Ouen;Métro 13;pollution moyenne;MOYENNE;Évaluation : modélisation reposant notamment sur la configuration de la station, le trafic et le matériel roulant;non;;;2.333893080685357;48.911958864732505;48.911958864732505, 2.333893080685357;pollution moyenne - incertitude forte;Pollution moyenne;pollution moyenne
IDFM:462973;Marcadet - Poissonniers;Métro 12;pollution moyenne;MOYENNE;Évaluation : modélisation reposant notamment sur la configuration de la station, le trafic et le matériel roulant;non;;;2.3500246218070155;48.89154760285429;48.89154760285429, 2.3500246218070155;pollution moyenne - incertitude forte;Pollution moyenne;pollution moyenne
IDFM:21907;Michel-Ange - Auteuil;Métro 10;pollution moyenne;MOYENNE;Évaluation : modélisation reposant notamment sur la configuration de la station, le trafic et le matériel roulant;non;;;2.263989525333329;48.84797535417627;48.84797535417627, 2.263989525333329;pollution moyenne - incertitude forte;Pollution moyenne;pollution moyenne
IDFM:21982;Mirabeau;Métro 10;pollution moyenne;MOYENNE;Évaluation : modélisation reposant notamment sur la configuration de la station, le trafic et le matériel roulant;oui;Action(s) d'amélioration de la qualité de l'air en cours;;2.2730641263728333;48.84707750734599;48.84707750734599, 2.2730641263728333;pollution moyenne - incertitude forte;Pollution moyenne;pollution moyenne
IDFM:463241;Montgallet;Métro 8;pollution faible;FAIBLE;Évaluation : modélisation reposant notamment sur la configuration de la station, le trafic et le matériel roulant;non;;;2.3904000136353645;48.84400507570895;48.84400507570895, 2.3904000136353645;pollution faible - incertitude forte;Pollution faible;pollution faible
IDFM:22143;Montparnasse Bienvenue;Métro 4;pollution faible;FAIBLE;Évaluation : modélisation reposant notamment sur la configuration de la station, le trafic et le matériel roulant;non;;;2.3243294607791096;48.84385251452581;48.84385251452581, 2.3243294607791096;pollution faible - incertitude forte;Pollution faible;pollution faible
IDFM:22195;Opéra;Métro 8;pollution faible;FAIBLE;Évaluation : modélisation reposant notamment sur la configuration de la station, le trafic et le matériel roulant;non;;;2.332135072925294;48.87059812248669;48.87059812248669, 2.332135072925294;pollution faible - incertitude forte;Pollution faible;pollution faible
IDFM:22381;Opéra;Métro 7;pollution faible;FAIBLE;Évaluation : modélisation reposant notamment sur la configuration de la station, le trafic et le matériel roulant;non;;;2.3324387808144875;48.87030303390994;48.87030303390994, 2.3324387808144875;pollution faible - incertitude forte;Pollution faible;pollution faible
IDFM:22005;Ourcq;Métro 5;pollution élevée;ELEVE;Évaluation : modélisation reposant notamment sur la configuration de la station, le trafic et le matériel roulant;oui;Action(s) d'amélioration de la qualité de l'air en cours;;2.3866765356019912;48.88714990283661;48.88714990283661, 2.3866765356019912;pollution élevée - incertitude forte;Pollution élevée;pollution élevée
IDFM:22079;Palais Royal - Musée du Louvre;Métro 1;pollution moyenne;MOYENNE;Évaluation : modélisation reposant notamment sur la configuration de la station, le trafic et le matériel roulant;non;;;2.336454367754252;48.86222226557415;48.86222226557415, 2.3364543677542517;pollution moyenne - incertitude forte;Pollution moyenne;pollution moyenne
IDFM:22112;Père Lachaise;Métro 2;pollution élevée;ELEVE;Évaluation : modélisation reposant notamment sur la configuration de la station, le trafic et le matériel roulant;oui;Action(s) d'amélioration de la qualité de l'air en cours;;2.387689326065689;48.86248637862667;48.86248637862667, 2.3876893260656895;pollution élevée - incertitude forte;Pollution élevée;pollution élevée
IDFM:463229;Pernety;Métro 13;pollution faible;FAIBLE;Évaluation : modélisation reposant notamment sur la configuration de la station, le trafic et le matériel roulant;non;;;2.318323659736018;48.83416372097089;48.83416372097089, 2.318323659736018;pollution faible - incertitude forte;Pollution faible;pollution faible
IDFM:22040;Pigalle;Métro 12;pollution moyenne;MOYENNE;Évaluation : modélisation reposant notamment sur la configuration de la station, le trafic et le matériel roulant;non;;;2.3371840091053384;48.88201178841109;48.882011788411084, 2.3371840091053384;pollution moyenne - incertitude forte;Pollution moyenne;pollution moyenne
